PessoaID;NivelComunicacao;FuncaoComunicativa;Ambiente;ParceiroComunicacional;SuporteNecessario;FormaPreferida;DescricaoComportamento;PlanoIntervencao;PlanoGuia,
Pessoa_00001;Pré-simbólico;Informar;Casa;Família;Alto;Sinais;Comunica necessidades básicas e estados no contexto de casa com família, com estratégias visuais. Usa principalmente gestos/figuras para se comunicar.;Treino de Sinais Básicos;Sinais
Pessoa_00002;Simbólico Inicial;Pedir;Clínica;Família;Moderado;Fala;A pessoa tenta solicitar itens preferidos no contexto de clínica com família, usando apoios. Produz sequências mais organizadas e combinações.;Modelagem de Fala (NF/NF+PM);Fala/Modelagem
Pessoa_00003;Simbólico Avançado;Socializar;Escola;Colegas;Moderado;Gestos;Busca atenção e inicia breves turnos no contexto de escola com colegas, necessitando suporte moderado. Produz sequências mais organizadas e combinações.;Comunicação Total (Multimodal);Multimodal
Pessoa_00004;Simbólico Avançado;Pedir;Casa;Terapeuta;Alto;Fala;A pessoa tenta solicitar itens preferidos no contexto de casa com terapeuta, usando apoios. Produz sequências mais organizadas e combinações.;Modelagem de Fala (NF/NF+PM);Fala/Modelagem
Pessoa_00005;Emergente;Pedir;Escola;Terapeuta;Alto;PECS;A pessoa tenta solicitar itens preferidos no contexto de escola com terapeuta, usando apoios. Usa principalmente gestos/figuras para se comunicar.;PECS Fase I – Troca Básica;PECS
Pessoa_00006;Simbólico Inicial;Protestar;Casa;Família;Moderado;Dispositivo Eletrônico;Manifesta recusa no contexto de casa com família, recorrendo a sinais simples e expressões faciais. Produz sequências mais organizadas e combinações.;Rotina Visual + Apoios de Transição;Rotina Visual
Pessoa_00007;Simbólico Avançado;Pedir;Casa;Colegas;Moderado;Dispositivo Eletrônico;A pessoa tenta solicitar itens preferidos no contexto de casa com colegas, usando apoios. Produz sequências mais organizadas e combinações.;SGD Básico – Solicitações Simples;Dispositivo/SGD
Pessoa_00008;Pré-simbólico;Socializar;Casa;Professor(a);Alto;Sinais;Busca atenção e inicia breves turnos no contexto de casa com professor(a), necessitando suporte alto. Usa principalmente gestos/figuras para se comunicar.;Treino de Sinais Básicos;Sinais
Pessoa_00009;Simbólico Inicial;Socializar;Clínica;Família;Moderado;Dispositivo Eletrônico;Busca atenção e inicia breves turnos no contexto de clínica com família, necessitando suporte moderado. Produz sequências mais organizadas e combinações.;SGD Básico – Solicitações Simples;Dispositivo/SGD
Pessoa_00010;Simbólico Avançado;Pedir;Clínica;Família;Moderado;PECS;A pessoa tenta solicitar itens preferidos no contexto de clínica com família, usando apoios. Produz sequências mais organizadas e combinações.;PECS Fase II/III – Distância & Discriminação;PECS
Pessoa_00011;Simbólico Inicial;Comentários;Escola;Família;Moderado;Gestos;Aponta e vocaliza para comentar eventos no contexto de escola com família, com moderado suporte. Produz sequências mais organizadas e combinações.;Modelagem de Fala (NF/NF+PM);Fala/Modelagem
Pessoa_00012;Emergente;Socializar;Comunidade;Família;Alto;Gestos;Busca atenção e inicia breves turnos no contexto de comunidade com família, necessitando suporte alto. Usa principalmente gestos/figuras para se comunicar.;Rotina Visual + Apoios de Transição;Rotina Visual
Pessoa_00013;Simbólico Inicial;Socializar;Clínica;Professor(a);Baixo;PECS;Busca atenção e inicia breves turnos no contexto de clínica com professor(a), necessitando suporte baixo. Produz sequências mais organizadas e combinações.;PECS Fase II/III – Distância & Discriminação;PECS
Pessoa_00014;Simbólico Avançado;Protestar;Escola;Professor(a);Baixo;PECS;Manifesta recusa no contexto de escola com professor(a), recorrendo a sinais simples e expressões faciais. Produz sequências mais organizadas e combinações.;PECS Fase IV+ – Estruturação de Frases;PECS
Pessoa_00015;Simbólico Inicial;Socializar;Comunidade;Terapeuta;Moderado;PECS;Busca atenção e inicia breves turnos no contexto de comunidade com terapeuta, necessitando suporte moderado. Produz sequências mais organizadas e combinações.;PECS Fase IV+ – Estruturação de Frases;PECS
Pessoa_00016;Simbólico Inicial;Pedir;Escola;Família;Moderado;Dispositivo Eletrônico;A pessoa tenta solicitar itens preferidos no contexto de escola com família, usando apoios. Produz sequências mais organizadas e combinações.;SGD Básico – Solicitações Simples;Dispositivo/SGD
Pessoa_00017;Emergente;Comentários;Escola;Família;Moderado;PECS;Aponta e vocaliza para comentar eventos no contexto de escola com família, com moderado suporte. Usa principalmente gestos/figuras para se comunicar.;PECS Fase II/III – Distância & Discriminação;PECS
Pessoa_00018;Pré-simbólico;Socializar;Clínica;Família;Alto;Gestos;Busca atenção e inicia breves turnos no contexto de clínica com família, necessitando suporte alto. Usa principalmente gestos/figuras para se comunicar.;PECS Fase IV+ – Estruturação de Frases;PECS
Pessoa_00019;Emergente;Socializar;Escola;Família;Baixo;Sinais;Busca atenção e inicia breves turnos no contexto de escola com família, necessitando suporte baixo. Usa principalmente gestos/figuras para se comunicar.;Treino de Sinais Básicos;Sinais
Pessoa_00020;Pré-simbólico;Comentários;Clínica;Terapeuta;Alto;Dispositivo Eletrônico;Aponta e vocaliza para comentar eventos no contexto de clínica com terapeuta, com alto suporte. Usa principalmente gestos/figuras para se comunicar.;SGD Intermediário – Frases Curtas;Dispositivo/SGD
Pessoa_00021;Emergente;Socializar;Casa;Terapeuta;Alto;Dispositivo Eletrônico;Busca atenção e inicia breves turnos no contexto de casa com terapeuta, necessitando suporte alto. Usa principalmente gestos/figuras para se comunicar.;Comunicação Social Guiada (scripts);Pragmática Social
Pessoa_00022;Emergente;Pedir;Casa;Professor(a);Moderado;Sinais;A pessoa tenta solicitar itens preferidos no contexto de casa com professor(a), usando apoios. Usa principalmente gestos/figuras para se comunicar.;Comunicação Social Guiada (scripts);Pragmática Social
Pessoa_00023;Simbólico Inicial;Comentários;Escola;Terapeuta;Baixo;Dispositivo Eletrônico;Aponta e vocaliza para comentar eventos no contexto de escola com terapeuta, com baixo suporte. Produz sequências mais organizadas e combinações.;SGD Intermediário – Frases Curtas;Dispositivo/SGD
Pessoa_00024;Pré-simbólico;Pedir;Casa;Família;Moderado;PECS;A pessoa tenta solicitar itens preferidos no contexto de casa com família, usando apoios. Usa principalmente gestos/figuras para se comunicar.;PECS Fase I – Troca Básica;PECS
Pessoa_00025;Pré-simbólico;Comentários;Clínica;Terapeuta;Moderado;Dispositivo Eletrônico;Aponta e vocaliza para comentar eventos no contexto de clínica com terapeuta, com moderado suporte. Usa principalmente gestos/figuras para se comunicar.;Modelagem de Fala (NF/NF+PM);Fala/Modelagem
Pessoa_00026;Pré-simbólico;Pedir;Escola;Família;Alto;Gestos;A pessoa tenta solicitar itens preferidos no contexto de escola com família, usando apoios. Usa principalmente gestos/figuras para se comunicar.;Comunicação Total (Multimodal);Multimodal
Pessoa_00027;Simbólico Inicial;Pedir;Casa;Família;Moderado;PECS;A pessoa tenta solicitar itens preferidos no contexto de casa com família, usando apoios. Produz sequências mais organizadas e combinações.;PECS Fase II/III – Distância & Discriminação;PECS
Pessoa_00028;Simbólico Inicial;Pedir;Comunidade;Família;Alto;PECS;A pessoa tenta solicitar itens preferidos no contexto de comunidade com família, usando apoios. Produz sequências mais organizadas e combinações.;PECS Fase II/III – Distância & Discriminação;PECS
Pessoa_00029;Emergente;Informar;Casa;Família;Alto;PECS;Comunica necessidades básicas e estados no contexto de casa com família, com estratégias visuais. Usa principalmente gestos/figuras para se comunicar.;PECS Fase IV+ – Estruturação de Frases;PECS
Pessoa_00030;Simbólico Inicial;Protestar;Comunidade;Terapeuta;Moderado;PECS;Manifesta recusa no contexto de comunidade com terapeuta, recorrendo a sinais simples e expressões faciais. Produz sequências mais organizadas e combinações.;PECS Fase II/III – Distância & Discriminação;PECS
Pessoa_00031;Emergente;Socializar;Casa;Família;Moderado;PECS;Busca atenção e inicia breves turnos no contexto de casa com família, necessitando suporte moderado. Usa principalmente gestos/figuras para se comunicar.;PECS Fase I – Troca Básica;PECS
Pessoa_00032;Emergente;Pedir;Comunidade;Professor(a);Moderado;Gestos;A pessoa tenta solicitar itens preferidos no contexto de comunidade com professor(a), usando apoios. Usa principalmente gestos/figuras para se comunicar.;Rotina Visual + Apoios de Transição;Rotina Visual
Pessoa_00033;Emergente;Socializar;Casa;Família;Alto;Gestos;Busca atenção e inicia breves turnos no contexto de casa com família, necessitando suporte alto. Usa principalmente gestos/figuras para se comunicar.;SGD Intermediário – Frases Curtas;Dispositivo/SGD
Pessoa_00034;Simbólico Inicial;Pedir;Casa;Professor(a);Baixo;Gestos;A pessoa tenta solicitar itens preferidos no contexto de casa com professor(a), usando pouco apoio. Produz sequências mais organizadas e combinações.;Rotina Visual + Apoios de Transição;Rotina Visual
Pessoa_00035;Simbólico Avançado;Informar;Casa;Terapeuta;Baixo;Dispositivo Eletrônico;Comunica necessidades básicas e estados no contexto de casa com terapeuta, com estratégias visuais. Produz sequências mais organizadas e combinações.;SGD Intermediário – Frases Curtas;Dispositivo/SGD
Pessoa_00036;Emergente;Informar;Casa;Família;Baixo;Dispositivo Eletrônico;Comunica necessidades básicas e estados no contexto de casa com família, com estratégias visuais. Usa principalmente gestos/figuras para se comunicar.;Treino de Sinais Básicos;Sinais
Pessoa_00037;Simbólico Avançado;Pedir;Clínica;Professor(a);Baixo;PECS;A pessoa tenta solicitar itens preferidos no contexto de clínica com professor(a), usando pouco apoio. Produz sequências mais organizadas e combinações.;Rotina Visual + Apoios de Transição;Rotina Visual
Pessoa_00038;Pré-simbólico;Informar;Casa;Professor(a);Alto;PECS;Comunica necessidades básicas e estados no contexto de casa com professor(a), com estratégias visuais. Usa principalmente gestos/figuras para se comunicar.;Comunicação Total (Multimodal);Multimodal
Pessoa_00039;Simbólico Inicial;Pedir;Casa;Terapeuta;Moderado;Fala;A pessoa tenta solicitar itens preferidos no contexto de casa com terapeuta, usando apoios. Produz sequências mais organizadas e combinações.;PECS Fase IV+ – Estruturação de Frases;PECS
Pessoa_00040;Pré-simbólico;Pedir;Clínica;Professor(a);Moderado;Gestos;A pessoa tenta solicitar itens preferidos no contexto de clínica com professor(a), usando apoios. Usa principalmente gestos/figuras para se comunicar.;Rotina Visual + Apoios de Transição;Rotina Visual
Pessoa_00041;Simbólico Inicial;Pedir;Escola;Terapeuta;Moderado;Fala;A pessoa tenta solicitar itens preferidos no contexto de escola com terapeuta, usando apoios. Produz sequências mais organizadas e combinações.;Comunicação Social Guiada (scripts);Pragmática Social
Pessoa_00042;Emergente;Comentários;Casa;Família;Moderado;PECS;Aponta e vocaliza para comentar eventos no contexto de casa com família, com moderado suporte. Usa principalmente gestos/figuras para se comunicar.;PECS Fase II/III – Distância & Discriminação;PECS
Pessoa_00043;Emergente;Protestar;Casa;Colegas;Alto;PECS;Manifesta recusa no contexto de casa com colegas, recorrendo a sinais simples e expressões faciais. Usa principalmente gestos/figuras para se comunicar.;PECS Fase I – Troca Básica;PECS
Pessoa_00044;Simbólico Inicial;Protestar;Escola;Família;Alto;Fala;Manifesta recusa no contexto de escola com família, recorrendo a sinais simples e expressões faciais. Produz sequências mais organizadas e combinações.;Modelagem de Fala (NF/NF+PM);Fala/Modelagem
Pessoa_00045;Pré-simbólico;Protestar;Clínica;Família;Moderado;Gestos;Manifesta recusa no contexto de clínica com família, recorrendo a sinais simples e expressões faciais. Usa principalmente gestos/figuras para se comunicar.;Rotina Visual + Apoios de Transição;Rotina Visual
Pessoa_00046;Simbólico Avançado;Comentários;Escola;Família;Moderado;Fala;Aponta e vocaliza para comentar eventos no contexto de escola com família, com moderado suporte. Produz sequências mais organizadas e combinações.;Comunicação Social Guiada (scripts);Pragmática Social
Pessoa_00047;Emergente;Informar;Escola;Família;Baixo;Gestos;Comunica necessidades básicas e estados no contexto de escola com família, com estratégias visuais. Usa principalmente gestos/figuras para se comunicar.;SGD Intermediário – Frases Curtas;Dispositivo/SGD
Pessoa_00048;Pré-simbólico;Informar;Casa;Professor(a);Alto;PECS;Comunica necessidades básicas e estados no contexto de casa com professor(a), com estratégias visuais. Usa principalmente gestos/figuras para se comunicar.;Modelagem de Fala (NF/NF+PM);Fala/Modelagem
Pessoa_00049;Simbólico Inicial;Protestar;Clínica;Professor(a);Alto;PECS;Manifesta recusa no contexto de clínica com professor(a), recorrendo a sinais simples e expressões faciais. Produz sequências mais organizadas e combinações.;SGD Intermediário – Frases Curtas;Dispositivo/SGD
Pessoa_00050;Pré-simbólico;Informar;Escola;Família;Moderado;Fala;Comunica necessidades básicas e estados no contexto de escola com família, com estratégias visuais. Usa principalmente gestos/figuras para se comunicar.;Modelagem de Fala (NF/NF+PM);Fala/Modelagem
Pessoa_00051;Pré-simbólico;Comentários;Casa;Terapeuta;Alto;Sinais;Aponta e vocaliza para comentar eventos no contexto de casa com terapeuta, com alto suporte. Usa principalmente gestos/figuras para se comunicar.;SGD Intermediário – Frases Curtas;Dispositivo/SGD
Pessoa_00052;Pré-simbólico;Comentários;Escola;Família;Moderado;Gestos;Aponta e vocaliza para comentar eventos no contexto de escola com família, com moderado suporte. Usa principalmente gestos/figuras para se comunicar.;Comunicação Social Guiada (scripts);Pragmática Social
Pessoa_00053;Simbólico Avançado;Pedir;Casa;Colegas;Baixo;Dispositivo Eletrônico;A pessoa tenta solicitar itens preferidos no contexto de casa com colegas, usando pouco apoio. Produz sequências mais organizadas e combinações.;Comunicação Total (Multimodal);Multimodal
Pessoa_00054;Simbólico Avançado;Pedir;Escola;Família;Baixo;Sinais;A pessoa tenta solicitar itens preferidos no contexto de escola com família, usando pouco apoio. Produz sequências mais organizadas e combinações.;SGD Básico – Solicitações Simples;Dispositivo/SGD
Pessoa_00055;Emergente;Pedir;Casa;Família;Alto;Sinais;A pessoa tenta solicitar itens preferidos no contexto de casa com família, usando apoios. Usa principalmente gestos/figuras para se comunicar.;Modelagem de Fala (NF/NF+PM);Fala/Modelagem
Pessoa_00056;Simbólico Avançado;Protestar;Casa;Família;Alto;Gestos;Manifesta recusa no contexto de casa com família, recorrendo a sinais simples e expressões faciais. Produz sequências mais organizadas e combinações.;Comunicação Total (Multimodal);Multimodal
Pessoa_00057;Pré-simbólico;Pedir;Clínica;Colegas;Alto;PECS;A pessoa tenta solicitar itens preferidos no contexto de clínica com colegas, usando apoios. Usa principalmente gestos/figuras para se comunicar.;PECS Fase IV+ – Estruturação de Frases;PECS
Pessoa_00058;Pré-simbólico;Socializar;Comunidade;Terapeuta;Alto;PECS;Busca atenção e inicia breves turnos no contexto de comunidade com terapeuta, necessitando suporte alto. Usa principalmente gestos/figuras para se comunicar.;PECS Fase IV+ – Estruturação de Frases;PECS
Pessoa_00059;Simbólico Inicial;Pedir;Casa;Colegas;Alto;Dispositivo Eletrônico;A pessoa tenta solicitar itens preferidos no contexto de casa com colegas, usando apoios. Produz sequências mais organizadas e combinações.;Rotina Visual + Apoios de Transição;Rotina Visual
Pessoa_00060;Simbólico Inicial;Comentários;Escola;Terapeuta;Alto;Dispositivo Eletrônico;Aponta e vocaliza para comentar eventos no contexto de escola com terapeuta, com alto suporte. Produz sequências mais organizadas e combinações.;PECS Fase II/III – Distância & Discriminação;PECS
Pessoa_00061;Pré-simbólico;Pedir;Casa;Professor(a);Alto;Gestos;A pessoa tenta solicitar itens preferidos no contexto de casa com professor(a), usando apoios. Usa principalmente gestos/figuras para se comunicar.;Rotina Visual + Apoios de Transição;Rotina Visual
Pessoa_00062;Emergente;Socializar;Escola;Família;Moderado;Fala;Busca atenção e inicia breves turnos no contexto de escola com família, necessitando suporte moderado. Usa principalmente gestos/figuras para se comunicar.;Comunicação Social Guiada (scripts);Pragmática Social
Pessoa_00063;Simbólico Inicial;Comentários;Casa;Professor(a);Moderado;Dispositivo Eletrônico;Aponta e vocaliza para comentar eventos no contexto de casa com professor(a), com moderado suporte. Produz sequências mais organizadas e combinações.;SGD Básico – Solicitações Simples;Dispositivo/SGD
Pessoa_00064;Emergente;Protestar;Comunidade;Colegas;Moderado;PECS;Manifesta recusa no contexto de comunidade com colegas, recorrendo a sinais simples e expressões faciais. Usa principalmente gestos/figuras para se comunicar.;PECS Fase I – Troca Básica;PECS
Pessoa_00065;Pré-simbólico;Protestar;Comunidade;Família;Baixo;Gestos;Manifesta recusa no contexto de comunidade com família, recorrendo a sinais simples e expressões faciais. Usa principalmente gestos/figuras para se comunicar.;Comunicação Total (Multimodal);Multimodal
Pessoa_00066;Emergente;Socializar;Casa;Professor(a);Moderado;Gestos;Busca atenção e inicia breves turnos no contexto de casa com professor(a), necessitando suporte moderado. Usa principalmente gestos/figuras para se comunicar.;Comunicação Social Guiada (scripts);Pragmática Social
Pessoa_00067;Pré-simbólico;Socializar;Escola;Professor(a);Alto;PECS;Busca atenção e inicia breves turnos no contexto de escola com professor(a), necessitando suporte alto. Usa principalmente gestos/figuras para se comunicar.;PECS Fase II/III – Distância & Discriminação;PECS
Pessoa_00068;Simbólico Inicial;Protestar;Clínica;Professor(a);Alto;Dispositivo Eletrônico;Manifesta recusa no contexto de clínica com professor(a), recorrendo a sinais simples e expressões faciais. Produz sequências mais organizadas e combinações.;Treino de Sinais Básicos;Sinais
Pessoa_00069;Emergente;Comentários;Casa;Família;Alto;Sinais;Aponta e vocaliza para comentar eventos no contexto de casa com família, com alto suporte. Usa principalmente gestos/figuras para se comunicar.;PECS Fase IV+ – Estruturação de Frases;PECS
Pessoa_00070;Simbólico Avançado;Pedir;Casa;Família;Baixo;Fala;A pessoa tenta solicitar itens preferidos no contexto de casa com família, usando pouco apoio. Produz sequências mais organizadas e combinações.;PECS Fase I – Troca Básica;PECS
Pessoa_00071;Emergente;Protestar;Escola;Família;Moderado;PECS;Manifesta recusa no contexto de escola com família, recorrendo a sinais simples e expressões faciais. Usa principalmente gestos/figuras para se comunicar.;PECS Fase I – Troca Básica;PECS
Pessoa_00072;Simbólico Inicial;Pedir;Casa;Colegas;Moderado;PECS;A pessoa tenta solicitar itens preferidos no contexto de casa com colegas, usando apoios. Produz sequências mais organizadas e combinações.;PECS Fase I – Troca Básica;PECS
Pessoa_00073;Emergente;Comentários;Clínica;Terapeuta;Alto;Gestos;Aponta e vocaliza para comentar eventos no contexto de clínica com terapeuta, com alto suporte. Usa principalmente gestos/figuras para se comunicar.;PECS Fase II/III – Distância & Discriminação;PECS
Pessoa_00074;Simbólico Inicial;Socializar;Casa;Terapeuta;Moderado;Fala;Busca atenção e inicia breves turnos no contexto de casa com terapeuta, necessitando suporte moderado. Produz sequências mais organizadas e combinações.;Comunicação Social Guiada (scripts);Pragmática Social
Pessoa_00075;Emergente;Pedir;Clínica;Família;Moderado;PECS;A pessoa tenta solicitar itens preferidos no contexto de clínica com família, usando apoios. Usa principalmente gestos/figuras para se comunicar.;PECS Fase IV+ – Estruturação de Frases;PECS
Pessoa_00076;Simbólico Inicial;Informar;Escola;Família;Baixo;Gestos;Comunica necessidades básicas e estados no contexto de escola com família, com estratégias visuais. Produz sequências mais organizadas e combinações.;Comunicação Social Guiada (scripts);Pragmática Social
Pessoa_00077;Emergente;Socializar;Escola;Terapeuta;Baixo;Fala;Busca atenção e inicia breves turnos no contexto de escola com terapeuta, necessitando suporte baixo. Usa principalmente gestos/figuras para se comunicar.;Comunicação Social Guiada (scripts);Pragmática Social
Pessoa_00078;Emergente;Pedir;Clínica;Família;Moderado;PECS;A pessoa tenta solicitar itens preferidos no contexto de clínica com família, usando apoios. Usa principalmente gestos/figuras para se comunicar.;PECS Fase II/III – Distância & Discriminação;PECS
Pessoa_00079;Simbólico Avançado;Pedir;Casa;Família;Baixo;Fala;A pessoa tenta solicitar itens preferidos no contexto de casa com família, usando pouco apoio. Produz sequências mais organizadas e combinações.;Comunicação Social Guiada (scripts);Pragmática Social
Pessoa_00080;Simbólico Avançado;Protestar;Casa;Família;Baixo;Fala;Manifesta recusa no contexto de casa com família, recorrendo a sinais simples e expressões faciais. Produz sequências mais organizadas e combinações.;Modelagem de Fala (NF/NF+PM);Fala/Modelagem
Pessoa_00081;Emergente;Informar;Clínica;Professor(a);Moderado;PECS;Comunica necessidades básicas e estados no contexto de clínica com professor(a), com estratégias visuais. Usa principalmente gestos/figuras para se comunicar.;SGD Básico – Solicitações Simples;Dispositivo/SGD
Pessoa_00082;Pré-simbólico;Pedir;Casa;Família;Alto;Fala;A pessoa tenta solicitar itens preferidos no contexto de casa com família, usando apoios. Usa principalmente gestos/figuras para se comunicar.;Comunicação Social Guiada (scripts);Pragmática Social
Pessoa_00083;Simbólico Inicial;Protestar;Escola;Professor(a);Alto;Gestos;Manifesta recusa no contexto de escola com professor(a), recorrendo a sinais simples e expressões faciais. Produz sequências mais organizadas e combinações.;Comunicação Social Guiada (scripts);Pragmática Social
Pessoa_00084;Emergente;Informar;Casa;Família;Alto;PECS;Comunica necessidades básicas e estados no contexto de casa com família, com estratégias visuais. Usa principalmente gestos/figuras para se comunicar.;Rotina Visual + Apoios de Transição;Rotina Visual
Pessoa_00085;Emergente;Pedir;Comunidade;Família;Moderado;Fala;A pessoa tenta solicitar itens preferidos no contexto de comunidade com família, usando apoios. Usa principalmente gestos/figuras para se comunicar.;Modelagem de Fala (NF/NF+PM);Fala/Modelagem
Pessoa_00086;Emergente;Protestar;Escola;Família;Baixo;Gestos;Manifesta recusa no contexto de escola com família, recorrendo a sinais simples e expressões faciais. Usa principalmente gestos/figuras para se comunicar.;PECS Fase I – Troca Básica;PECS
Pessoa_00087;Emergente;Informar;Casa;Professor(a);Alto;PECS;Comunica necessidades básicas e estados no contexto de casa com professor(a), com estratégias visuais. Usa principalmente gestos/figuras para se comunicar.;SGD Básico – Solicitações Simples;Dispositivo/SGD
Pessoa_00088;Simbólico Inicial;Pedir;Escola;Família;Moderado;Sinais;A pessoa tenta solicitar itens preferidos no contexto de escola com família, usando apoios. Produz sequências mais organizadas e combinações.;Rotina Visual + Apoios de Transição;Rotina Visual
Pessoa_00089;Simbólico Inicial;Protestar;Comunidade;Família;Baixo;Dispositivo Eletrônico;Manifesta recusa no contexto de comunidade com família, recorrendo a sinais simples e expressões faciais. Produz sequências mais organizadas e combinações.;SGD Intermediário – Frases Curtas;Dispositivo/SGD
Pessoa_00090;Pré-simbólico;Informar;Casa;Colegas;Moderado;Dispositivo Eletrônico;Comunica necessidades básicas e estados no contexto de casa com colegas, com estratégias visuais. Usa principalmente gestos/figuras para se comunicar.;Modelagem de Fala (NF/NF+PM);Fala/Modelagem
Pessoa_00091;Emergente;Comentários;Clínica;Professor(a);Baixo;PECS;Aponta e vocaliza para comentar eventos no contexto de clínica com professor(a), com baixo suporte. Usa principalmente gestos/figuras para se comunicar.;Comunicação Social Guiada (scripts);Pragmática Social
Pessoa_00092;Emergente;Socializar;Casa;Família;Alto;Gestos;Busca atenção e inicia breves turnos no contexto de casa com família, necessitando suporte alto. Usa principalmente gestos/figuras para se comunicar.;Comunicação Total (Multimodal);Multimodal
Pessoa_00093;Emergente;Socializar;Casa;Família;Moderado;PECS;Busca atenção e inicia breves turnos no contexto de casa com família, necessitando suporte moderado. Usa principalmente gestos/figuras para se comunicar.;PECS Fase I – Troca Básica;PECS
Pessoa_00094;Pré-simbólico;Pedir;Escola;Terapeuta;Alto;Gestos;A pessoa tenta solicitar itens preferidos no contexto de escola com terapeuta, usando apoios. Usa principalmente gestos/figuras para se comunicar.;Modelagem de Fala (NF/NF+PM);Fala/Modelagem
Pessoa_00095;Simbólico Inicial;Pedir;Clínica;Família;Baixo;Fala;A pessoa tenta solicitar itens preferidos no contexto de clínica com família, usando pouco apoio. Produz sequências mais organizadas e combinações.;Comunicação Social Guiada (scripts);Pragmática Social
Pessoa_00096;Pré-simbólico;Pedir;Escola;Família;Moderado;Gestos;A pessoa tenta solicitar itens preferidos no contexto de escola com família, usando apoios. Usa principalmente gestos/figuras para se comunicar.;Rotina Visual + Apoios de Transição;Rotina Visual
Pessoa_00097;Simbólico Inicial;Comentários;Escola;Terapeuta;Alto;Sinais;Aponta e vocaliza para comentar eventos no contexto de escola com terapeuta, com alto suporte. Produz sequências mais organizadas e combinações.;Treino de Sinais Básicos;Sinais
Pessoa_00098;Pré-simbólico;Comentários;Comunidade;Família;Moderado;Gestos;Aponta e vocaliza para comentar eventos no contexto de comunidade com família, com moderado suporte. Usa principalmente gestos/figuras para se comunicar.;PECS Fase I – Troca Básica;PECS
Pessoa_00099;Emergente;Comentários;Casa;Família;Alto;Sinais;Aponta e vocaliza para comentar eventos no contexto de casa com família, com alto suporte. Usa principalmente gestos/figuras para se comunicar.;Comunicação Social Guiada (scripts);Pragmática Social
Pessoa_00100;Pré-simbólico;Pedir;Clínica;Família;Alto;Sinais;A pessoa tenta solicitar itens preferidos no contexto de clínica com família, usando apoios. Usa principalmente gestos/figuras para se comunicar.;PECS Fase II/III – Distância & Discriminação;PECS
Pessoa_00101;Simbólico Avançado;Comentários;Clínica;Professor(a);Alto;PECS;Aponta e vocaliza para comentar eventos no contexto de clínica com professor(a), com alto suporte. Produz sequências mais organizadas e combinações.;PECS Fase II/III – Distância & Discriminação;PECS
Pessoa_00102;Pré-simbólico;Socializar;Clínica;Professor(a);Moderado;Fala;Busca atenção e inicia breves turnos no contexto de clínica com professor(a), necessitando suporte moderado. Usa principalmente gestos/figuras para se comunicar.;Modelagem de Fala (NF/NF+PM);Fala/Modelagem
Pessoa_00103;Emergente;Socializar;Casa;Família;Baixo;Fala;Busca atenção e inicia breves turnos no contexto de casa com família, necessitando suporte baixo. Usa principalmente gestos/figuras para se comunicar.;SGD Básico – Solicitações Simples;Dispositivo/SGD
Pessoa_00104;Pré-simbólico;Pedir;Escola;Terapeuta;Alto;Dispositivo Eletrônico;A pessoa tenta solicitar itens preferidos no contexto de escola com terapeuta, usando apoios. Usa principalmente gestos/figuras para se comunicar.;SGD Intermediário – Frases Curtas;Dispositivo/SGD
Pessoa_00105;Pré-simbólico;Comentários;Casa;Terapeuta;Alto;Gestos;Aponta e vocaliza para comentar eventos no contexto de casa com terapeuta, com alto suporte. Usa principalmente gestos/figuras para se comunicar.;Comunicação Total (Multimodal);Multimodal
Pessoa_00106;Simbólico Avançado;Socializar;Casa;Colegas;Moderado;Gestos;Busca atenção e inicia breves turnos no contexto de casa com colegas, necessitando suporte moderado. Produz sequências mais organizadas e combinações.;Rotina Visual + Apoios de Transição;Rotina Visual
Pessoa_00107;Emergente;Socializar;Escola;Terapeuta;Moderado;Sinais;Busca atenção e inicia breves turnos no contexto de escola com terapeuta, necessitando suporte moderado. Usa principalmente gestos/figuras para se comunicar.;Treino de Sinais Básicos;Sinais
Pessoa_00108;Emergente;Pedir;Escola;Professor(a);Moderado;Fala;A pessoa tenta solicitar itens preferidos no contexto de escola com professor(a), usando apoios. Usa principalmente gestos/figuras para se comunicar.;Rotina Visual + Apoios de Transição;Rotina Visual
Pessoa_00109;Simbólico Inicial;Socializar;Escola;Terapeuta;Baixo;PECS;Busca atenção e inicia breves turnos no contexto de escola com terapeuta, necessitando suporte baixo. Produz sequências mais organizadas e combinações.;PECS Fase IV+ – Estruturação de Frases;PECS
Pessoa_00110;Pré-simbólico;Informar;Comunidade;Professor(a);Alto;Fala;Comunica necessidades básicas e estados no contexto de comunidade com professor(a), com estratégias visuais. Usa principalmente gestos/figuras para se comunicar.;Comunicação Social Guiada (scripts);Pragmática Social
Pessoa_00111;Simbólico Inicial;Comentários;Clínica;Família;Baixo;Gestos;Aponta e vocaliza para comentar eventos no contexto de clínica com família, com baixo suporte. Produz sequências mais organizadas e combinações.;Treino de Sinais Básicos;Sinais
Pessoa_00112;Simbólico Inicial;Comentários;Escola;Terapeuta;Baixo;Gestos;Aponta e vocaliza para comentar eventos no contexto de escola com terapeuta, com baixo suporte. Produz sequências mais organizadas e combinações.;Comunicação Social Guiada (scripts);Pragmática Social
Pessoa_00113;Pré-simbólico;Pedir;Casa;Professor(a);Baixo;Dispositivo Eletrônico;A pessoa tenta solicitar itens preferidos no contexto de casa com professor(a), usando pouco apoio. Usa principalmente gestos/figuras para se comunicar.;Comunicação Total (Multimodal);Multimodal
Pessoa_00114;Simbólico Inicial;Pedir;Escola;Família;Baixo;Dispositivo Eletrônico;A pessoa tenta solicitar itens preferidos no contexto de escola com família, usando pouco apoio. Produz sequências mais organizadas e combinações.;SGD Básico – Solicitações Simples;Dispositivo/SGD
Pessoa_00115;Emergente;Pedir;Escola;Colegas;Moderado;PECS;A pessoa tenta solicitar itens preferidos no contexto de escola com colegas, usando apoios. Usa principalmente gestos/figuras para se comunicar.;PECS Fase II/III – Distância & Discriminação;PECS
Pessoa_00116;Simbólico Inicial;Pedir;Clínica;Professor(a);Moderado;Fala;A pessoa tenta solicitar itens preferidos no contexto de clínica com professor(a), usando apoios. Produz sequências mais organizadas e combinações.;PECS Fase IV+ – Estruturação de Frases;PECS
Pessoa_00117;Simbólico Inicial;Pedir;Casa;Família;Moderado;Fala;A pessoa tenta solicitar itens preferidos no contexto de casa com família, usando apoios. Produz sequências mais organizadas e combinações.;Comunicação Social Guiada (scripts);Pragmática Social
Pessoa_00118;Pré-simbólico;Socializar;Escola;Terapeuta;Moderado;Sinais;Busca atenção e inicia breves turnos no contexto de escola com terapeuta, necessitando suporte moderado. Usa principalmente gestos/figuras para se comunicar.;Comunicação Total (Multimodal);Multimodal
Pessoa_00119;Pré-simbólico;Informar;Casa;Família;Moderado;Fala;Comunica necessidades básicas e estados no contexto de casa com família, com estratégias visuais. Usa principalmente gestos/figuras para se comunicar.;Modelagem de Fala (NF/NF+PM);Fala/Modelagem
Pessoa_00120;Simbólico Avançado;Informar;Casa;Professor(a);Moderado;Fala;Comunica necessidades básicas e estados no contexto de casa com professor(a), com estratégias visuais. Produz sequências mais organizadas e combinações.;Comunicação Total (Multimodal);Multimodal
Pessoa_00121;Pré-simbólico;Informar;Casa;Família;Moderado;Dispositivo Eletrônico;Comunica necessidades básicas e estados no contexto de casa com família, com estratégias visuais. Usa principalmente gestos/figuras para se comunicar.;Rotina Visual + Apoios de Transição;Rotina Visual
Pessoa_00122;Emergente;Socializar;Casa;Professor(a);Baixo;Sinais;Busca atenção e inicia breves turnos no contexto de casa com professor(a), necessitando suporte baixo. Usa principalmente gestos/figuras para se comunicar.;PECS Fase I – Troca Básica;PECS
Pessoa_00123;Simbólico Avançado;Socializar;Escola;Família;Alto;Dispositivo Eletrônico;Busca atenção e inicia breves turnos no contexto de escola com família, necessitando suporte alto. Produz sequências mais organizadas e combinações.;Modelagem de Fala (NF/NF+PM);Fala/Modelagem
Pessoa_00124;Emergente;Protestar;Casa;Família;Moderado;PECS;Manifesta recusa no contexto de casa com família, recorrendo a sinais simples e expressões faciais. Usa principalmente gestos/figuras para se comunicar.;PECS Fase II/III – Distância & Discriminação;PECS
Pessoa_00125;Simbólico Inicial;Comentários;Casa;Família;Moderado;Sinais;Aponta e vocaliza para comentar eventos no contexto de casa com família, com moderado suporte. Produz sequências mais organizadas e combinações.;Treino de Sinais Básicos;Sinais
Pessoa_00126;Emergente;Informar;Escola;Família;Moderado;Gestos;Comunica necessidades básicas e estados no contexto de escola com família, com estratégias visuais. Usa principalmente gestos/figuras para se comunicar.;Comunicação Total (Multimodal);Multimodal
Pessoa_00127;Pré-simbólico;Protestar;Casa;Família;Alto;Gestos;Manifesta recusa no contexto de casa com família, recorrendo a sinais simples e expressões faciais. Usa principalmente gestos/figuras para se comunicar.;Rotina Visual + Apoios de Transição;Rotina Visual
Pessoa_00128;Simbólico Avançado;Informar;Escola;Terapeuta;Moderado;Fala;Comunica necessidades básicas e estados no contexto de escola com terapeuta, com estratégias visuais. Produz sequências mais organizadas e combinações.;Modelagem de Fala (NF/NF+PM);Fala/Modelagem
Pessoa_00129;Simbólico Inicial;Comentários;Comunidade;Família;Alto;Gestos;Aponta e vocaliza para comentar eventos no contexto de comunidade com família, com alto suporte. Produz sequências mais organizadas e combinações.;Rotina Visual + Apoios de Transição;Rotina Visual
Pessoa_00130;Simbólico Inicial;Informar;Casa;Família;Alto;PECS;Comunica necessidades básicas e estados no contexto de casa com família, com estratégias visuais. Produz sequências mais organizadas e combinações.;PECS Fase I – Troca Básica;PECS
Pessoa_00131;Simbólico Inicial;Pedir;Escola;Família;Moderado;PECS;A pessoa tenta solicitar itens preferidos no contexto de escola com família, usando apoios. Produz sequências mais organizadas e combinações.;PECS Fase IV+ – Estruturação de Frases;PECS
Pessoa_00132;Simbólico Avançado;Informar;Clínica;Colegas;Baixo;Fala;Comunica necessidades básicas e estados no contexto de clínica com colegas, com estratégias visuais. Produz sequências mais organizadas e combinações.;Modelagem de Fala (NF/NF+PM);Fala/Modelagem
Pessoa_00133;Simbólico Inicial;Socializar;Clínica;Família;Moderado;PECS;Busca atenção e inicia breves turnos no contexto de clínica com família, necessitando suporte moderado. Produz sequências mais organizadas e combinações.;PECS Fase I – Troca Básica;PECS
Pessoa_00134;Pré-simbólico;Pedir;Escola;Família;Alto;Gestos;A pessoa tenta solicitar itens preferidos no contexto de escola com família, usando apoios. Usa principalmente gestos/figuras para se comunicar.;Treino de Sinais Básicos;Sinais
Pessoa_00135;Pré-simbólico;Protestar;Clínica;Família;Alto;Gestos;Manifesta recusa no contexto de clínica com família, recorrendo a sinais simples e expressões faciais. Usa principalmente gestos/figuras para se comunicar.;SGD Básico – Solicitações Simples;Dispositivo/SGD
Pessoa_00136;Pré-simbólico;Pedir;Casa;Família;Alto;PECS;A pessoa tenta solicitar itens preferidos no contexto de casa com família, usando apoios. Usa principalmente gestos/figuras para se comunicar.;PECS Fase I – Troca Básica;PECS
Pessoa_00137;Pré-simbólico;Protestar;Clínica;Terapeuta;Alto;PECS;Manifesta recusa no contexto de clínica com terapeuta, recorrendo a sinais simples e expressões faciais. Usa principalmente gestos/figuras para se comunicar.;PECS Fase IV+ – Estruturação de Frases;PECS
Pessoa_00138;Emergente;Comentários;Clínica;Família;Moderado;Fala;Aponta e vocaliza para comentar eventos no contexto de clínica com família, com moderado suporte. Usa principalmente gestos/figuras para se comunicar.;Comunicação Social Guiada (scripts);Pragmática Social
Pessoa_00139;Simbólico Inicial;Pedir;Casa;Professor(a);Moderado;Gestos;A pessoa tenta solicitar itens preferidos no contexto de casa com professor(a), usando apoios. Produz sequências mais organizadas e combinações.;PECS Fase IV+ – Estruturação de Frases;PECS
Pessoa_00140;Emergente;Pedir;Escola;Colegas;Moderado;Fala;A pessoa tenta solicitar itens preferidos no contexto de escola com colegas, usando apoios. Usa principalmente gestos/figuras para se comunicar.;PECS Fase I – Troca Básica;PECS
Pessoa_00141;Simbólico Avançado;Protestar;Escola;Professor(a);Baixo;PECS;Manifesta recusa no contexto de escola com professor(a), recorrendo a sinais simples e expressões faciais. Produz sequências mais organizadas e combinações.;Modelagem de Fala (NF/NF+PM);Fala/Modelagem
Pessoa_00142;Pré-simbólico;Protestar;Casa;Família;Alto;PECS;Manifesta recusa no contexto de casa com família, recorrendo a sinais simples e expressões faciais. Usa principalmente gestos/figuras para se comunicar.;Rotina Visual + Apoios de Transição;Rotina Visual
Pessoa_00143;Emergente;Pedir;Casa;Terapeuta;Moderado;PECS;A pessoa tenta solicitar itens preferidos no contexto de casa com terapeuta, usando apoios. Usa principalmente gestos/figuras para se comunicar.;PECS Fase IV+ – Estruturação de Frases;PECS
Pessoa_00144;Simbólico Inicial;Informar;Clínica;Família;Baixo;PECS;Comunica necessidades básicas e estados no contexto de clínica com família, com estratégias visuais. Produz sequências mais organizadas e combinações.;SGD Intermediário – Frases Curtas;Dispositivo/SGD
Pessoa_00145;Pré-simbólico;Protestar;Casa;Terapeuta;Alto;Gestos;Manifesta recusa no contexto de casa com terapeuta, recorrendo a sinais simples e expressões faciais. Usa principalmente gestos/figuras para se comunicar.;PECS Fase IV+ – Estruturação de Frases;PECS
Pessoa_00146;Simbólico Inicial;Pedir;Escola;Família;Moderado;PECS;A pessoa tenta solicitar itens preferidos no contexto de escola com família, usando apoios. Produz sequências mais organizadas e combinações.;PECS Fase IV+ – Estruturação de Frases;PECS
Pessoa_00147;Simbólico Avançado;Socializar;Comunidade;Colegas;Moderado;PECS;Busca atenção e inicia breves turnos no contexto de comunidade com colegas, necessitando suporte moderado. Produz sequências mais organizadas e combinações.;PECS Fase I – Troca Básica;PECS
Pessoa_00148;Emergente;Protestar;Escola;Família;Alto;Sinais;Manifesta recusa no contexto de escola com família, recorrendo a sinais simples e expressões faciais. Usa principalmente gestos/figuras para se comunicar.;Treino de Sinais Básicos;Sinais
Pessoa_00149;Simbólico Avançado;Comentários;Clínica;Terapeuta;Moderado;Gestos;Aponta e vocaliza para comentar eventos no contexto de clínica com terapeuta, com moderado suporte. Produz sequências mais organizadas e combinações.;Rotina Visual + Apoios de Transição;Rotina Visual
Pessoa_00150;Simbólico Avançado;Socializar;Casa;Família;Baixo;Dispositivo Eletrônico;Busca atenção e inicia breves turnos no contexto de casa com família, necessitando suporte baixo. Produz sequências mais organizadas e combinações.;SGD Básico – Solicitações Simples;Dispositivo/SGD
Pessoa_00151;Simbólico Avançado;Informar;Casa;Família;Baixo;Fala;Comunica necessidades básicas e estados no contexto de casa com família, com estratégias visuais. Produz sequências mais organizadas e combinações.;Modelagem de Fala (NF/NF+PM);Fala/Modelagem
Pessoa_00152;Emergente;Pedir;Escola;Família;Moderado;Dispositivo Eletrônico;A pessoa tenta solicitar itens preferidos no contexto de escola com família, usando apoios. Usa principalmente gestos/figuras para se comunicar.;SGD Intermediário – Frases Curtas;Dispositivo/SGD
Pessoa_00153;Emergente;Informar;Escola;Família;Alto;Gestos;Comunica necessidades básicas e estados no contexto de escola com família, com estratégias visuais. Usa principalmente gestos/figuras para se comunicar.;Rotina Visual + Apoios de Transição;Rotina Visual
Pessoa_00154;Emergente;Pedir;Escola;Terapeuta;Alto;Sinais;A pessoa tenta solicitar itens preferidos no contexto de escola com terapeuta, usando apoios. Usa principalmente gestos/figuras para se comunicar.;Treino de Sinais Básicos;Sinais
Pessoa_00155;Pré-simbólico;Pedir;Escola;Professor(a);Baixo;Gestos;A pessoa tenta solicitar itens preferidos no contexto de escola com professor(a), usando pouco apoio. Usa principalmente gestos/figuras para se comunicar.;Rotina Visual + Apoios de Transição;Rotina Visual
Pessoa_00156;Emergente;Socializar;Casa;Família;Moderado;Sinais;Busca atenção e inicia breves turnos no contexto de casa com família, necessitando suporte moderado. Usa principalmente gestos/figuras para se comunicar.;Treino de Sinais Básicos;Sinais
Pessoa_00157;Simbólico Avançado;Informar;Casa;Colegas;Baixo;Gestos;Comunica necessidades básicas e estados no contexto de casa com colegas, com estratégias visuais. Produz sequências mais organizadas e combinações.;Rotina Visual + Apoios de Transição;Rotina Visual
Pessoa_00158;Emergente;Comentários;Casa;Colegas;Moderado;PECS;Aponta e vocaliza para comentar eventos no contexto de casa com colegas, com moderado suporte. Usa principalmente gestos/figuras para se comunicar.;PECS Fase I – Troca Básica;PECS
Pessoa_00159;Emergente;Comentários;Escola;Terapeuta;Moderado;Gestos;Aponta e vocaliza para comentar eventos no contexto de escola com terapeuta, com moderado suporte. Usa principalmente gestos/figuras para se comunicar.;Comunicação Total (Multimodal);Multimodal
Pessoa_00160;Simbólico Inicial;Pedir;Escola;Professor(a);Moderado;Fala;A pessoa tenta solicitar itens preferidos no contexto de escola com professor(a), usando apoios. Produz sequências mais organizadas e combinações.;SGD Intermediário – Frases Curtas;Dispositivo/SGD
Pessoa_00161;Simbólico Avançado;Pedir;Casa;Família;Moderado;Dispositivo Eletrônico;A pessoa tenta solicitar itens preferidos no contexto de casa com família, usando apoios. Produz sequências mais organizadas e combinações.;SGD Intermediário – Frases Curtas;Dispositivo/SGD
Pessoa_00162;Simbólico Inicial;Socializar;Casa;Professor(a);Alto;Dispositivo Eletrônico;Busca atenção e inicia breves turnos no contexto de casa com professor(a), necessitando suporte alto. Produz sequências mais organizadas e combinações.;PECS Fase I – Troca Básica;PECS
Pessoa_00163;Emergente;Protestar;Casa;Terapeuta;Baixo;Gestos;Manifesta recusa no contexto de casa com terapeuta, recorrendo a sinais simples e expressões faciais. Usa principalmente gestos/figuras para se comunicar.;SGD Intermediário – Frases Curtas;Dispositivo/SGD
Pessoa_00164;Emergente;Comentários;Escola;Terapeuta;Moderado;PECS;Aponta e vocaliza para comentar eventos no contexto de escola com terapeuta, com moderado suporte. Usa principalmente gestos/figuras para se comunicar.;PECS Fase I – Troca Básica;PECS
Pessoa_00165;Simbólico Avançado;Protestar;Casa;Família;Baixo;Fala;Manifesta recusa no contexto de casa com família, recorrendo a sinais simples e expressões faciais. Produz sequências mais organizadas e combinações.;Comunicação Social Guiada (scripts);Pragmática Social
Pessoa_00166;Emergente;Socializar;Casa;Colegas;Alto;Dispositivo Eletrônico;Busca atenção e inicia breves turnos no contexto de casa com colegas, necessitando suporte alto. Usa principalmente gestos/figuras para se comunicar.;SGD Intermediário – Frases Curtas;Dispositivo/SGD
Pessoa_00167;Emergente;Pedir;Escola;Professor(a);Alto;PECS;A pessoa tenta solicitar itens preferidos no contexto de escola com professor(a), usando apoios. Usa principalmente gestos/figuras para se comunicar.;PECS Fase II/III – Distância & Discriminação;PECS
Pessoa_00168;Pré-simbólico;Informar;Casa;Família;Alto;Fala;Comunica necessidades básicas e estados no contexto de casa com família, com estratégias visuais. Usa principalmente gestos/figuras para se comunicar.;Comunicação Social Guiada (scripts);Pragmática Social
Pessoa_00169;Emergente;Pedir;Escola;Família;Moderado;Gestos;A pessoa tenta solicitar itens preferidos no contexto de escola com família, usando apoios. Usa principalmente gestos/figuras para se comunicar.;Comunicação Total (Multimodal);Multimodal
Pessoa_00170;Emergente;Comentários;Casa;Professor(a);Moderado;Dispositivo Eletrônico;Aponta e vocaliza para comentar eventos no contexto de casa com professor(a), com moderado suporte. Usa principalmente gestos/figuras para se comunicar.;SGD Básico – Solicitações Simples;Dispositivo/SGD
Pessoa_00171;Pré-simbólico;Pedir;Escola;Família;Alto;Sinais;A pessoa tenta solicitar itens preferidos no contexto de escola com família, usando apoios. Usa principalmente gestos/figuras para se comunicar.;Treino de Sinais Básicos;Sinais
Pessoa_00172;Emergente;Pedir;Escola;Família;Alto;PECS;A pessoa tenta solicitar itens preferidos no contexto de escola com família, usando apoios. Usa principalmente gestos/figuras para se comunicar.;PECS Fase IV+ – Estruturação de Frases;PECS
Pessoa_00173;Pré-simbólico;Protestar;Casa;Família;Moderado;Gestos;Manifesta recusa no contexto de casa com família, recorrendo a sinais simples e expressões faciais. Usa principalmente gestos/figuras para se comunicar.;Comunicação Social Guiada (scripts);Pragmática Social
Pessoa_00174;Emergente;Informar;Escola;Família;Moderado;Fala;Comunica necessidades básicas e estados no contexto de escola com família, com estratégias visuais. Usa principalmente gestos/figuras para se comunicar.;Modelagem de Fala (NF/NF+PM);Fala/Modelagem
Pessoa_00175;Emergente;Comentários;Clínica;Professor(a);Moderado;Fala;Aponta e vocaliza para comentar eventos no contexto de clínica com professor(a), com moderado suporte. Usa principalmente gestos/figuras para se comunicar.;PECS Fase IV+ – Estruturação de Frases;PECS
Pessoa_00176;Simbólico Inicial;Comentários;Escola;Professor(a);Moderado;Sinais;Aponta e vocaliza para comentar eventos no contexto de escola com professor(a), com moderado suporte. Produz sequências mais organizadas e combinações.;SGD Básico – Solicitações Simples;Dispositivo/SGD
Pessoa_00177;Simbólico Avançado;Pedir;Comunidade;Família;Baixo;PECS;A pessoa tenta solicitar itens preferidos no contexto de comunidade com família, usando pouco apoio. Produz sequências mais organizadas e combinações.;Comunicação Social Guiada (scripts);Pragmática Social
Pessoa_00178;Pré-simbólico;Informar;Escola;Terapeuta;Alto;PECS;Comunica necessidades básicas e estados no contexto de escola com terapeuta, com estratégias visuais. Usa principalmente gestos/figuras para se comunicar.;PECS Fase I – Troca Básica;PECS
Pessoa_00179;Emergente;Pedir;Casa;Família;Alto;Gestos;A pessoa tenta solicitar itens preferidos no contexto de casa com família, usando apoios. Usa principalmente gestos/figuras para se comunicar.;Comunicação Total (Multimodal);Multimodal
Pessoa_00180;Emergente;Pedir;Casa;Família;Moderado;Gestos;A pessoa tenta solicitar itens preferidos no contexto de casa com família, usando apoios. Usa principalmente gestos/figuras para se comunicar.;Comunicação Social Guiada (scripts);Pragmática Social
Pessoa_00181;Simbólico Inicial;Pedir;Casa;Família;Baixo;PECS;A pessoa tenta solicitar itens preferidos no contexto de casa com família, usando pouco apoio. Produz sequências mais organizadas e combinações.;Treino de Sinais Básicos;Sinais
Pessoa_00182;Emergente;Pedir;Escola;Família;Alto;Dispositivo Eletrônico;A pessoa tenta solicitar itens preferidos no contexto de escola com família, usando apoios. Usa principalmente gestos/figuras para se comunicar.;Modelagem de Fala (NF/NF+PM);Fala/Modelagem
Pessoa_00183;Pré-simbólico;Comentários;Comunidade;Família;Moderado;Fala;Aponta e vocaliza para comentar eventos no contexto de comunidade com família, com moderado suporte. Usa principalmente gestos/figuras para se comunicar.;Rotina Visual + Apoios de Transição;Rotina Visual
Pessoa_00184;Pré-simbólico;Comentários;Clínica;Professor(a);Moderado;Gestos;Aponta e vocaliza para comentar eventos no contexto de clínica com professor(a), com moderado suporte. Usa principalmente gestos/figuras para se comunicar.;Comunicação Social Guiada (scripts);Pragmática Social
Pessoa_00185;Simbólico Avançado;Pedir;Escola;Família;Moderado;Dispositivo Eletrônico;A pessoa tenta solicitar itens preferidos no contexto de escola com família, usando apoios. Produz sequências mais organizadas e combinações.;SGD Básico – Solicitações Simples;Dispositivo/SGD
Pessoa_00186;Emergente;Protestar;Casa;Família;Alto;Gestos;Manifesta recusa no contexto de casa com família, recorrendo a sinais simples e expressões faciais. Usa principalmente gestos/figuras para se comunicar.;Rotina Visual + Apoios de Transição;Rotina Visual
Pessoa_00187;Simbólico Avançado;Protestar;Casa;Professor(a);Baixo;Fala;Manifesta recusa no contexto de casa com professor(a), recorrendo a sinais simples e expressões faciais. Produz sequências mais organizadas e combinações.;Comunicação Social Guiada (scripts);Pragmática Social
Pessoa_00188;Emergente;Protestar;Clínica;Família;Moderado;Gestos;Manifesta recusa no contexto de clínica com família, recorrendo a sinais simples e expressões faciais. Usa principalmente gestos/figuras para se comunicar.;Treino de Sinais Básicos;Sinais
Pessoa_00189;Emergente;Informar;Escola;Família;Moderado;PECS;Comunica necessidades básicas e estados no contexto de escola com família, com estratégias visuais. Usa principalmente gestos/figuras para se comunicar.;PECS Fase II/III – Distância & Discriminação;PECS
Pessoa_00190;Simbólico Inicial;Pedir;Clínica;Família;Alto;Dispositivo Eletrônico;A pessoa tenta solicitar itens preferidos no contexto de clínica com família, usando apoios. Produz sequências mais organizadas e combinações.;Rotina Visual + Apoios de Transição;Rotina Visual
Pessoa_00191;Simbólico Avançado;Protestar;Casa;Professor(a);Moderado;Gestos;Manifesta recusa no contexto de casa com professor(a), recorrendo a sinais simples e expressões faciais. Produz sequências mais organizadas e combinações.;PECS Fase I – Troca Básica;PECS
Pessoa_00192;Emergente;Pedir;Casa;Família;Alto;Sinais;A pessoa tenta solicitar itens preferidos no contexto de casa com família, usando apoios. Usa principalmente gestos/figuras para se comunicar.;PECS Fase II/III – Distância & Discriminação;PECS
Pessoa_00193;Simbólico Avançado;Comentários;Comunidade;Professor(a);Moderado;Fala;Aponta e vocaliza para comentar eventos no contexto de comunidade com professor(a), com moderado suporte. Produz sequências mais organizadas e combinações.;Modelagem de Fala (NF/NF+PM);Fala/Modelagem
Pessoa_00194;Pré-simbólico;Socializar;Escola;Família;Alto;PECS;Busca atenção e inicia breves turnos no contexto de escola com família, necessitando suporte alto. Usa principalmente gestos/figuras para se comunicar.;PECS Fase IV+ – Estruturação de Frases;PECS
Pessoa_00195;Emergente;Pedir;Comunidade;Colegas;Alto;Gestos;A pessoa tenta solicitar itens preferidos no contexto de comunidade com colegas, usando apoios. Usa principalmente gestos/figuras para se comunicar.;Comunicação Total (Multimodal);Multimodal
Pessoa_00196;Simbólico Inicial;Comentários;Clínica;Família;Baixo;Gestos;Aponta e vocaliza para comentar eventos no contexto de clínica com família, com baixo suporte. Produz sequências mais organizadas e combinações.;Comunicação Total (Multimodal);Multimodal
Pessoa_00197;Pré-simbólico;Pedir;Casa;Família;Moderado;Dispositivo Eletrônico;A pessoa tenta solicitar itens preferidos no contexto de casa com família, usando apoios. Usa principalmente gestos/figuras para se comunicar.;PECS Fase I – Troca Básica;PECS
Pessoa_00198;Emergente;Pedir;Escola;Professor(a);Baixo;Sinais;A pessoa tenta solicitar itens preferidos no contexto de escola com professor(a), usando pouco apoio. Usa principalmente gestos/figuras para se comunicar.;SGD Intermediário – Frases Curtas;Dispositivo/SGD
Pessoa_00199;Emergente;Pedir;Casa;Família;Alto;Dispositivo Eletrônico;A pessoa tenta solicitar itens preferidos no contexto de casa com família, usando apoios. Usa principalmente gestos/figuras para se comunicar.;SGD Intermediário – Frases Curtas;Dispositivo/SGD
Pessoa_00200;Emergente;Socializar;Casa;Família;Moderado;PECS;Busca atenção e inicia breves turnos no contexto de casa com família, necessitando suporte moderado. Usa principalmente gestos/figuras para se comunicar.;Comunicação Total (Multimodal);Multimodal
